Galaxy,Npts,Vflat,Rc,chi2_causal,chi2_nfw,Winner
DDO154,12,50.0,3.1779661016949152,1.095343019848395,10.09798485368801,Causal
NGC2403,45,150.0,12.550847457627118,3.3414096088326914,16.87683817980609,Causal
NGC2841,49,235.0,9.872881355932204,0.6665103882440856,2.1504137490423503,Causal
NGC3198,33,140.0,40.0,25.358896935736105,41.766277798663836,Causal
NGC7331,14,125.0,40.0,19.45818234709793,23.77582445158632,Causal
UGC09133,35,205.0,40.0,4.773679496345141,8.587600331349746,Causal
NGC5907,19,175.0,40.0,12.804771595380144,19.776256493794843,Causal
UGC02885,16,250.0,40.0,5.524726517840842,3.9208368961219144,NFW
