{
 "prereg": "exp25_prereg (+Enmienda 1, commit 8da69e6)",
 "grid": {
  "n256_a0.05_b0.0": {
   "p_h": [
    2.042390686671724,
    0.5950324221196057
   ],
   "p_w": [
    4.115247643394786,
    0.7339257032413934
   ],
   "p_hw": [
    6.15763833006651,
    0.8877553905770524
   ]
  },
  "n256_a0.05_b0.5": {
   "p_h": [
    1.461327139305065,
    0.5785078120512666
   ],
   "p_w": [
    3.209365120952099,
    0.6268351001325031
   ],
   "p_hw": [
    4.670692260257164,
    0.9111064692476194
   ]
  },
  "n256_a0.05_b1.0": {
   "p_h": [
    1.8502740979326524,
    0.6086993652090364
   ],
   "p_w": [
    3.524981217992188,
    0.6301035121206536
   ],
   "p_hw": [
    5.375255315924841,
    0.7261910127912037
   ]
  },
  "n256_a0.05_b1.5": {
   "p_h": [
    0.3781299697257191,
    0.5365836911585016
   ],
   "p_w": [
    3.5043367599135946,
    0.6338025589130444
   ],
   "p_hw": [
    3.8824667296393125,
    0.6155704108032398
   ]
  },
  "n256_a0.05_b2.0": {
   "p_h": [
    0.8585330837939642,
    0.6762910762597365
   ],
   "p_w": [
    3.705063603556049,
    0.6367878121442769
   ],
   "p_hw": [
    4.563596687350015,
    0.7219044304007823
   ]
  },
  "n256_a0.05_b2.5": {
   "p_h": [
    1.5038161254948765,
    0.6070139420577552
   ],
   "p_w": [
    4.728387259448955,
    0.6404766357887484
   ],
   "p_hw": [
    6.232203384943832,
    0.7892070427119955
   ]
  },
  "n256_a0.05_b3.0": {
   "p_h": [
    -0.051119649237020726,
    0.6025421064760029
   ],
   "p_w": [
    3.9974742150478395,
    0.679426344882796
   ],
   "p_hw": [
    3.9463545658108217,
    0.8872943733866748
   ]
  },
  "n256_a0.05_b3.5": {
   "p_h": [
    0.3552606090536403,
    0.5669536522321174
   ],
   "p_w": [
    4.454983517774707,
    0.6866836837213057
   ],
   "p_hw": [
    4.810244126828345,
    0.9139871265938497
   ]
  },
  "n256_a0.05_b4.0": {
   "p_h": [
    1.1615588261982985,
    0.6316568148547964
   ],
   "p_w": [
    3.9554273136055778,
    0.6138515739465833
   ],
   "p_hw": [
    5.116986139803875,
    0.8387748297877502
   ]
  },
  "n256_a0.1_b0.0": {
   "p_h": [
    1.5185922541121335,
    0.29441810803393015
   ],
   "p_w": [
    1.3301985800833802,
    0.3436473486531728
   ],
   "p_hw": [
    2.8487908341955146,
    0.4342140968338549
   ]
  },
  "n256_a0.1_b0.5": {
   "p_h": [
    1.4319307351793928,
    0.29108481967996624
   ],
   "p_w": [
    2.4882407552904158,
    0.32896370805478453
   ],
   "p_hw": [
    3.9201714904698077,
    0.4191815567071468
   ]
  },
  "n256_a0.1_b1.0": {
   "p_h": [
    0.9160362585961452,
    0.22906430718741294
   ],
   "p_w": [
    2.5975948827750646,
    0.3224038404530925
   ],
   "p_hw": [
    3.513631141371209,
    0.44616530967047197
   ]
  },
  "n256_a0.1_b1.5": {
   "p_h": [
    0.804380596737531,
    0.2628234337687283
   ],
   "p_w": [
    2.907854982320925,
    0.29653118091226793
   ],
   "p_hw": [
    3.712235579058457,
    0.4125042981895035
   ]
  },
  "n256_a0.1_b2.0": {
   "p_h": [
    1.07535283583369,
    0.25639452220115755
   ],
   "p_w": [
    2.7251301353205477,
    0.3187000790701118
   ],
   "p_hw": [
    3.8004829711542376,
    0.37021613471671333
   ]
  },
  "n256_a0.1_b2.5": {
   "p_h": [
    0.18702283552615395,
    0.27809416751239135
   ],
   "p_w": [
    2.537661865690883,
    0.30738828708424687
   ],
   "p_hw": [
    2.724684701217037,
    0.4241807693508508
   ]
  },
  "n256_a0.1_b3.0": {
   "p_h": [
    0.3361283336598304,
    0.29767426860194934
   ],
   "p_w": [
    3.1470110579393316,
    0.33072940713401416
   ],
   "p_hw": [
    3.483139391599162,
    0.4238521593041457
   ]
  },
  "n256_a0.1_b3.5": {
   "p_h": [
    0.027462706490707922,
    0.3151854271605342
   ],
   "p_w": [
    3.43740912029296,
    0.30875741115103184
   ],
   "p_hw": [
    3.464871826783668,
    0.3684215737348988
   ]
  },
  "n256_a0.1_b4.0": {
   "p_h": [
    -0.013733359972795955,
    0.36582992360176547
   ],
   "p_w": [
    3.2907503122445743,
    0.28121884884987913
   ],
   "p_hw": [
    3.2770169522717785,
    0.47633787736043515
   ]
  },
  "n256_a0.2_b0.0": {
   "p_h": [
    0.9355639079568661,
    0.12512889156516901
   ],
   "p_w": [
    2.223160542365302,
    0.1806393250600977
   ],
   "p_hw": [
    3.1587244503221683,
    0.2113080812365932
   ]
  },
  "n256_a0.2_b0.5": {
   "p_h": [
    0.8815682693121496,
    0.16564814201639164
   ],
   "p_w": [
    2.1854322655025804,
    0.13728275004907547
   ],
   "p_hw": [
    3.067000534814729,
    0.21664770319266433
   ]
  },
  "n256_a0.2_b1.0": {
   "p_h": [
    0.6563058435332407,
    0.12901286424984404
   ],
   "p_w": [
    2.283056280834292,
    0.1573610620679942
   ],
   "p_hw": [
    2.9393621243675327,
    0.18930161873199552
   ]
  },
  "n256_a0.2_b1.5": {
   "p_h": [
    0.6215107506753963,
    0.15631428218876164
   ],
   "p_w": [
    2.079376435695782,
    0.14807806285185063
   ],
   "p_hw": [
    2.700887186371178,
    0.2259716870255345
   ]
  },
  "n256_a0.2_b2.0": {
   "p_h": [
    0.19335563560217087,
    0.1217060059056043
   ],
   "p_w": [
    2.928241710996047,
    0.15546168497389493
   ],
   "p_hw": [
    3.1215973465982176,
    0.19487345257030725
   ]
  },
  "n256_a0.2_b2.5": {
   "p_h": [
    0.1584869914377431,
    0.1448633597874308
   ],
   "p_w": [
    2.6524008063993305,
    0.17810061145984396
   ],
   "p_hw": [
    2.810887797837073,
    0.2404271410928412
   ]
  },
  "n256_a0.2_b3.0": {
   "p_h": [
    -0.2772205237515369,
    0.16095371514866544
   ],
   "p_w": [
    2.793635421537639,
    0.15420380769731437
   ],
   "p_hw": [
    2.516414897786102,
    0.19376022769918963
   ]
  },
  "n256_a0.2_b3.5": {
   "p_h": [
    -0.6275047001906191,
    0.1217086230917318
   ],
   "p_w": [
    2.906695832951894,
    0.16761535895443744
   ],
   "p_hw": [
    2.2791911327612757,
    0.1829292629362591
   ]
  },
  "n256_a0.2_b4.0": {
   "p_h": [
    -0.6109264734253912,
    0.14952595619260664
   ],
   "p_w": [
    3.018247821896334,
    0.18164226974275577
   ],
   "p_hw": [
    2.4073213484709424,
    0.18394925908324467
   ]
  },
  "n512_a0.05_b0.0": {
   "p_h": [
    1.2514844729331567,
    0.457235763385217
   ],
   "p_w": [
    4.362965973588673,
    0.4429605905441355
   ],
   "p_hw": [
    5.6144504465218255,
    0.6780716244378782
   ]
  },
  "n512_a0.05_b0.5": {
   "p_h": [
    1.3435913214023496,
    0.42201739979214814
   ],
   "p_w": [
    4.937087164966927,
    0.36518119425948137
   ],
   "p_hw": [
    6.280678486369275,
    0.4949139452254524
   ]
  },
  "n512_a0.05_b1.0": {
   "p_h": [
    1.1940487916540523,
    0.4335509173185485
   ],
   "p_w": [
    4.074422364298426,
    0.47134523337519246
   ],
   "p_hw": [
    5.2684711559524775,
    0.6740704447890721
   ]
  },
  "n512_a0.05_b1.5": {
   "p_h": [
    0.8300695423278288,
    0.4259452268403834
   ],
   "p_w": [
    4.06783642222221,
    0.45587830810969876
   ],
   "p_hw": [
    4.8979059645500405,
    0.6256050611939128
   ]
  },
  "n512_a0.05_b2.0": {
   "p_h": [
    0.13259010521947018,
    0.34336331864572117
   ],
   "p_w": [
    4.339818681986344,
    0.4129637923912508
   ],
   "p_hw": [
    4.472408787205815,
    0.6466681863020186
   ]
  },
  "n512_a0.05_b2.5": {
   "p_h": [
    0.8969526893083061,
    0.4400227731345205
   ],
   "p_w": [
    4.272166655091154,
    0.3829896900096537
   ],
   "p_hw": [
    5.169119344399463,
    0.5759371722094919
   ]
  },
  "n512_a0.05_b3.0": {
   "p_h": [
    -0.038231282671850386,
    0.5380688929314102
   ],
   "p_w": [
    4.91529091844391,
    0.4998824454452215
   ],
   "p_hw": [
    4.87705963577206,
    0.7070856239944463
   ]
  },
  "n512_a0.05_b3.5": {
   "p_h": [
    0.8717411706913966,
    0.4293472757220213
   ],
   "p_w": [
    5.0794539908063445,
    0.512409369333301
   ],
   "p_hw": [
    5.95119516149774,
    0.6721664463905138
   ]
  },
  "n512_a0.05_b4.0": {
   "p_h": [
    0.6479963566980946,
    0.4120766695331312
   ],