{
 "prereg": "exp25b + Enm.2/3/4",
 "grid": {
  "n1024_a0.05": {
   "p_h": [
    5.982044838625332,
    0.7634451475080947
   ],
   "p_w": [
    10.652494676829654,
    1.4788068819323648
   ]
  },
  "n1024_a0.1": {
   "p_h": [
    2.9907390161509015,
    0.4588174449853913
   ],
   "p_w": [
    4.588859275998586,
    0.4724084334534603
   ]
  },
  "n1024_a0.2": {
   "p_h": [
    1.460867016973376,
    0.2075359059003995
   ],
   "p_w": [
    0.8122807902884809,
    0.21058815457702543
   ]
  },
  "n1024_a0.4": {
   "p_h": [
    0.42702141879143357,
    0.06447238123925385
   ],
   "p_w": [
    0.45096352733731354,
    0.1253562423080559
   ]
  },
  "n2048_a0.05": {
   "p_h": [
    4.584169141360934,
    0.4940337352732628
   ],
   "p_w": [
    7.59053628728696,
    0.6592653376888175
   ]
  },
  "n2048_a0.1": {
   "p_h": [
    2.4903541035453016,
    0.19386488876056227
   ],
   "p_w": [
    3.239091818721459,
    0.21791994563709566
   ]
  },
  "n2048_a0.2": {
   "p_h": [
    1.3915479637287198,
    0.12353669731042162
   ],
   "p_w": [
    1.455333795691838,
    0.14329304181863362
   ]
  },
  "n2048_a0.4": {
   "p_h": [
    0.24748725576636263,
    0.06188552658818408
   ],
   "p_w": [
    0.40989748222234024,
    0.0611787088322218
   ]
  },
  "n4096_a0.05": {
   "p_h": [
    5.597833794950776,
    0.3354058945643232
   ],
   "p_w": [
    8.72136296709091,
    0.33203736276702156
   ]
  },
  "n4096_a0.1": {
   "p_h": [
    1.9487288953819994,
    0.18379449300664727
   ],
   "p_w": [
    3.680113506084496,
    0.23785229361502724
   ]
  },
  "n4096_a0.2": {
   "p_h": [
    0.9239883380016854,
    0.10461290058836951
   ],
   "p_w": [
    1.561540077625993,
    0.08988519761215458
   ]
  },
  "n4096_a0.4": {
   "p_h": [
    0.27621905342202074,
    0.033984589424003286
   ],
   "p_w": [
    0.42365697742667036,
    0.05610572389321646
   ]
  }
 },
 "controls": {
  "C1_ghost": {
   "p_h": [
    1.6366545825490295,
    0.14310873265426582
   ],
   "p_w": [
    2.4300215926363595,
    0.13568029344020552
   ]
  },
  "C2_shuffle": {
   "p_h": [
    -0.040411781391296676,
    0.14618269328874423
   ],
   "p_w": [
    0.05935286672510076,
    0.10904071684943797
   ]
  },
  "C3_theta0.3": {
   "p_h": [
    0.9239883380016854,
    0.10461290058836951
   ],
   "p_w": [
    1.5434103226002183,
    0.08961932252743282
   ]
  },
  "C3_theta0.7": {
   "p_h": [
    0.9239883380016854,
    0.10461290058836951
   ],
   "p_w": [
    1.5801620177995535,
    0.09293153240422633
   ]
  },
  "C4_W0.15": {
   "p_h": [
    1.5352727582147567,
    0.12198966399165216
   ],
   "p_w": [
    1.151016377848328,
    0.15963302353103392
   ]
  },
  "C4_W0.35": {
   "p_h": [
    0.8578488165513343,
    0.10323645026675737
   ],
   "p_w": [
    1.850242543726397,
    0.06079049068172102
   ]
  },
  "C5_positive_flat": {
   "p_h": [
    1.8283099332383845,
    0.10550737176218968
   ],
   "p_w": [
    3.67523874468174,
    0.16683625068766514
   ]
  },
  "C6_coord_window": {
   "p_h": [
    0.9119898290340301,
    0.10430231574382705
   ],
   "p_w": [
    4.284104372400926,
    0.08682951742462294
   ]
  }
 },
 "verdict": {
  "p_h": [
   1.4363586166918425,
   0.10574057242738309
  ],
  "p_w": [
   2.6208267918552446,
   0.1271348322920446
  ],
  "budget": [
   4.057185408547087,
   0.16536122350538215
  ],
  "verdict": "F2' \u2014 presupuesto NO cierra: ALARMA, revisar construccion/teorema"
 },
 "robustness": {
  "C3_theta0.3": {
   "category": "F2'",
   "same": true
  },
  "C3_theta0.7": {
   "category": "F2'",
   "same": true
  },
  "C4_W0.15": {
   "category": "F2'",
   "same": true
  },
  "C4_W0.35": {
   "category": "F2'",
   "same": true
  },
  "C6_coord_window": {
   "category": "F2'",
   "same": true
  }
 },
 "robust_all": true
}