{
 "prereg": "exp25b + Enm.2/3/4",
 "grid": {
  "n1024_a0.05": {
   "p_h": [
    32.36714681380452,
    0.7329777496290046
   ],
   "p_w": [
    22.965726362900455,
    0.6096110530927521
   ]
  },
  "n1024_a0.1": {
   "p_h": [
    15.90519341929688,
    0.4104739214360172
   ],
   "p_w": [
    10.779146411103632,
    0.40202122374187793
   ]
  },
  "n1024_a0.2": {
   "p_h": [
    7.583762608763878,
    0.2026507464632753
   ],
   "p_w": [
    4.940701946029182,
    0.24523178741243776
   ]
  },
  "n1024_a0.4": {
   "p_h": [
    3.2370400448843704,
    0.08268503911184229
   ],
   "p_w": [
    2.2712224777261287,
    0.13491655037729655
   ]
  },
  "n2048_a0.05": {
   "p_h": [
    29.763938233648684,
    0.40359078790416086
   ],
   "p_w": [
    26.242299254657638,
    0.5785419016980546
   ]
  },
  "n2048_a0.1": {
   "p_h": [
    14.589004248858714,
    0.21296753040083588
   ],
   "p_w": [
    11.813615456691503,
    0.2266460585517497
   ]
  },
  "n2048_a0.2": {
   "p_h": [
    7.196094089939909,
    0.07692113291801303
   ],
   "p_w": [
    5.622714764408002,
    0.1965713988022845
   ]
  },
  "n2048_a0.4": {
   "p_h": [
    2.9458622213730035,
    0.060553220461343954
   ],
   "p_w": [
    2.564028190688129,
    0.06208423252198059
   ]
  },
  "n4096_a0.05": {
   "p_h": [
    28.918800972011805,
    0.4688937591512526
   ],
   "p_w": [
    28.09480113512315,
    0.5674894265546393
   ]
  },
  "n4096_a0.1": {
   "p_h": [
    13.55773411933994,
    0.22233824877214844
   ],
   "p_w": [
    13.012990111849197,
    0.20982197676066883
   ]
  },
  "n4096_a0.2": {
   "p_h": [
    6.378455821279867,
    0.09994860174895373
   ],
   "p_w": [
    6.169956472320886,
    0.10660063667587708
   ]
  },
  "n4096_a0.4": {
   "p_h": [
    2.711434277980669,
    0.030956405765179155
   ],
   "p_w": [
    2.583463414957233,
    0.05175588513810973
   ]
  }
 },
 "controls": {
  "C1_ghost": {
   "p_h": [
    8.474653546839692,
    0.20056310251057344
   ],
   "p_w": [
    7.02133093339937,
    0.1602530811608638
   ]
  },
  "C2_shuffle": {
   "p_h": [
    -0.01931110681695869,
    0.10058156926813797
   ],
   "p_w": [
    0.15415069319743813,
    0.06590669536084279
   ]
  },
  "C3_theta0.3": {
   "p_h": [
    6.378455821279867,
    0.09994860174895373
   ],
   "p_w": [
    6.146731439814161,
    0.10855242211085388
   ]
  },
  "C3_theta0.7": {
   "p_h": [
    6.378455821279867,
    0.09994860174895373
   ],
   "p_w": [
    6.4650866429488945,
    0.10650865460062407
   ]
  },
  "C4_W0.15": {
   "p_h": [
    8.745208053397478,
    0.09913401535017642
   ],
   "p_w": [
    3.08140018906817,
    0.15714285263830297
   ]
  },
  "C4_W0.35": {
   "p_h": [
    5.697024740765186,
    0.09647849680860698
   ],
   "p_w": [
    6.730731966818816,
    0.0829872008051831
   ]
  },
  "C5_positive_flat": {
   "p_h": [
    8.250310891887521,
    0.09039223509654606
   ],
   "p_w": [
    7.941355430740031,
    0.1865706484420077
   ]
  },
  "C6_coord_window": {
   "p_h": [
    6.355742477324276,
    0.09922404185755494
   ],
   "p_w": [
    9.211974513969073,
    0.10772305636322513
   ]
  }
 },
 "verdict": {
  "p_h": [
   9.968094970309904,
   0.12188521224766842
  ],
  "p_w": [
   9.591473292085041,
   0.11767429378527941
  ],
  "budget": [
   19.559568262394947,
   0.16942031868262858
  ],
  "verdict": "F2' \u2014 presupuesto NO cierra: ALARMA, revisar construccion/teorema"
 },
 "robustness": {
  "C3_theta0.3": {
   "category": "F2'",
   "same": true
  },
  "C3_theta0.7": {
   "category": "F2'",
   "same": true
  },
  "C4_W0.15": {
   "category": "F2'",
   "same": true
  },
  "C4_W0.35": {
   "category": "F2'",
   "same": true
  },
  "C6_coord_window": {
   "category": "F2'",
   "same": true
  }
 },
 "robust_all": true
}